{"id":921634325417943040,"text":"#chien #trouvé à MURVIEL LèS BéZIERS 34490 (FR) https://t.co/bE4VldVJ3r https://t.co/UdpI7NyFZS","topic":"chien","retweet_count":0,"reply_count":0}
{"id":921634330891505665,"text":"#chien #trouvé à NEUILLY-PLAISANCE 93360 (FR) https://t.co/MoMBILjFuJ https://t.co/a71aBK2v2P","topic":"chien","retweet_count":0,"reply_count":0}
{"id":921634333428826113,"text":"Nabuang na, me kiss pa 😘 #ALDUBxEBLoveis https://t.co/Wd7cHk6fx6","topic":"ALDUBxEBLoveis","user_description":"every second is a chance to turn your life around... \n\ntwitter dedicated to my fangirling, pordalab of MaiChard ➡ forever 👨‍👩‍👦‍👦🍃","retweet_count":0,"reply_count":0,"quoted_status_id":921629932232437760}
{"id":921634335979163648,"text":"If you want to cry use a tissue, not your facebook status. #ALDUBxEBLoveis","topic":"ALDUBxEBLoveis","user_description":"BEHIND THE THICK CLOUDS THERE'S A SUN STILL SHINING...","retweet_count":0,"reply_count":0}
{"id":921634334678896640,"text":"#chien #trouvé à GAMBAIS 78950 (FR) https://t.co/jv8XCyddOJ https://t.co/xQv8EOSWkR","topic":"chien","retweet_count":0,"reply_count":0}
{"id":921634338831241216,"text":"#FurkanPalalı Değil güzel bir mutluluk kaynağı olun #LalOn #no309 0017","topic":"FurkanPalalı","retweet_count":0,"reply_count":0}
{"id":921634339863126016,"text":"#chien #perdu à RICHEBOURG 62136 (FR) https://t.co/8UlDZGYu5v https://t.co/slxyb580U9","topic":"chien","retweet_count":0,"reply_count":0}
{"id":921634350721941504,"text":"Join the HonorHealth team! See our latest #job opening here: https://t.co/0wsXj1vwgE #Healthcare #Phoenix, AZ #Hiring","topic":"job","user_description":"All of our latest jobs. Apply today. http://Jobs.HonorHealth.com","retweet_count":0,"reply_count":0}
{"id":921634350503936005,"text":"Want to work in #Bengaluru, KA? View our latest opening: https://t.co/WcjML67J0o #Engineering #Job #Jobs #Hiring #CareerArc","topic":"Job","user_description":"Follow this account for geo-targeted Other job tweets in India. Need help? Tweet us at @CareerArc!","retweet_count":0,"reply_count":0}
{"id":921634352609427456,"text":"Pati silang dalawa kinilig😍😍😍\n\n#ALDUBxEBLoveis https://t.co/zx8XbR4XW3","topic":"ALDUBxEBLoveis","user_description":"a day without smile is a day wasted 😊","retweet_count":0,"reply_count":0,"quoted_status_id":921627168530079744}
{"id":921634361505488897,"text":"サファテ先生ラストイニング頼みました！\n王手かけようぜ！ #sbhawks","topic":"sbhawks","user_description":"@tatsu_rial のサブアカウントです。 こちらではホークスについてのつぶやきを中心にしていきます。 鷹党のみなさん一緒に日本一を目指して応援しましょう！ 是非、フォローお願いします！\nCSファイナル第4戦、日本シリーズ第1戦(ヤフオクドーム)観戦予定＼(^o^)／","retweet_count":0,"reply_count":0}
{"id":921634366459207680,"text":"#FurkanPalalı Değil güzel bir mutluluk kaynağı olun #LalOn #no309 0018","topic":"FurkanPalalı","retweet_count":0,"reply_count":0}
{"id":921634368661131264,"text":"It’s nice to be important BUT it’s more important to be nice. #ALDUBxEBLoveis","topic":"ALDUBxEBLoveis","user_description":"BEHIND THE THICK CLOUDS THERE'S A SUN STILL SHINING...","retweet_count":0,"reply_count":0}
{"id":921634371601276928,"text":"Cute ni James HAHAHAH\n#ShowtimeLetsCelebr8","topic":"ShowtimeLetsCelebr8","user_description":"uphsl | @hashtag_Vitto's miss tampo | vitto • maru","retweet_count":0,"reply_count":0}
{"id":921634378073063426,"text":"#ALDUBxEBLoveis https://t.co/OyULwiT673","topic":"ALDUBxEBLoveis","retweet_count":0,"reply_count":0}
{"id":921634384784101376,"text":"#FurkanPalalı Değil güzel bir mutluluk kaynağı olun #LalOn #no309 0019","topic":"FurkanPalalı","retweet_count":0,"reply_count":0}
{"id":921634388542140416,"text":"If you leave someone for another person, don’t be surprised if that person leaves you for someone else. #ALDUBxEBLoveis","topic":"ALDUBxEBLoveis","user_description":"BEHIND THE THICK CLOUDS THERE'S A SUN STILL SHINING...","retweet_count":0,"reply_count":0}
{"id":921634391335374848,"text":"Hinga lang. Laban lang. #ALDUBxEBLoveis","topic":"ALDUBxEBLoveis","user_description":"Instagram- team_aldub_maichard","retweet_count":0,"reply_count":0}
{"id":921634392564367360,"text":"Join the Hobsons team! See our latest #job opening here: https://t.co/Fe5nYS5YEI #CareerbyHobsons #Sales #Arlington, VA #Hiring","topic":"job","user_description":"We maximize student success and institutional effectiveness to create the world-changers of tomorrow. Check here for current job opportunities.","retweet_count":0,"reply_count":0}
{"id":921634393596112901,"text":"Join the Ericsson team! See our latest #job opening here: https://t.co/vQ0yUV2Zeq #OpenSource #beijing #Hiring #CareerArc","topic":"job","user_description":"Follow this account for geo-targeted Other job tweets in China. Need help? Tweet us at @CareerArc!","retweet_count":0,"reply_count":0}
{"id":921634402148462592,"text":"#FurkanPalalı Değil güzel bir mutluluk kaynağı olun #LalOn #no309 0020","topic":"FurkanPalalı","retweet_count":0,"reply_count":0}
{"id":921634403624763392,"text":"See our latest #Edinburgh, Scotland #job and click to apply: Network Access Business Development Manager - https://t.co/k8Ydw4AwUs #Sales","topic":"job","user_description":"Follow this account for geo-targeted Sales job tweets in Edinburgh. Need help? Tweet us at @CareerArc!","retweet_count":0,"reply_count":0}
{"id":921634408062361600,"text":"後三人\nサファテ先生\n今日は残業\nよろしくお願いします。\n#sbhawks","topic":"sbhawks","user_description":"福岡在住鹿児島出身\n社会人10年戦士\nYouTube動画公開します\nホークスファン歴 12年 #1#9#52\nラブライバー歴2年\nμ's 南ことり aqours 国木田花丸\n競馬\n奈々さま、ほっちゃん、プチミレ好き\nガールフレンド(仮)\n宮脇咲良神推し。\nホークスファン、ラブライバーのフォロワーさん歓迎","retweet_count":0,"reply_count":0}
{"id":921634409543028736,"text":"You can’t have a better tomorrow if you are thinking about yesterday all the time. #ALDUBxEBLoveis","topic":"ALDUBxEBLoveis","user_description":"BEHIND THE THICK CLOUDS THERE'S A SUN STILL SHINING...","retweet_count":0,"reply_count":0}
{"id":921634415217803264,"text":"Taena fave ni Vice talga itong si Hayme fave paglaruan 😂 #ShowtimeLetsCelebr8","topic":"ShowtimeLetsCelebr8","user_description":"Hotelier and a 👨‍👩‍👦‍👦                                                          ❤️ Sarah Geronimo and Nadine Lustre. Big ❤️ for Ashmatt and Jadine","retweet_count":0,"reply_count":0}
{"id":921634428023173121,"text":"#FurkanPalalı Değil güzel bir mutluluk kaynağı olun #LalOn #no309 0021","topic":"FurkanPalalı","retweet_count":0,"reply_count":0}
{"id":921634441348366336,"text":"If you're looking for work in #London, check out this #job: https://t.co/C5yD3UWlLm #WebDesign #Hiring #CareerArc","topic":"job","user_description":"Follow this account for geo-targeted Web Design/Development job tweets in London. Need help? Tweet us at @CareerArc!","retweet_count":0,"reply_count":0}
{"id":921634441700585473,"text":"Want to work in England? View our latest opening: https://t.co/OYP4UwCTmK #Labor #Job #Jobs #Hiring #CareerArc","topic":"Job","user_description":"Follow this account for geo-targeted General Labor job tweets in Cambridge, UK. Need help? Tweet us at @CareerArc!","retweet_count":0,"reply_count":0}
{"id":921634441558089728,"text":"Can you recommend anyone for this #job? Driver Helper Temporary Contract-Stowmarket - https://t.co/sohSLzRZSM #Transportation England","topic":"job","user_description":"Follow this account for geo-targeted Transportation job tweets in Cambridge, UK. Need help? Tweet us at @CareerArc!","retweet_count":0,"reply_count":0}
{"id":921634447816093697,"text":"#FurkanPalalı Değil güzel bir mutluluk kaynağı olun #LalOn #no309 0022","topic":"FurkanPalalı","retweet_count":0,"reply_count":0}
{"id":921634453197348864,"text":"Never try to go back and repair the past which is impossible. But be prepared to construct the future which is possible. #ALDUBxEBLoveis","topic":"ALDUBxEBLoveis","user_description":"BEHIND THE THICK CLOUDS THERE'S A SUN STILL SHINING...","retweet_count":0,"reply_count":0}
{"id":921634464886939648,"text":"#FurkanPalalı Değil güzel bir mutluluk kaynağı olun #LalOn #no309 0023","topic":"FurkanPalalı","retweet_count":0,"reply_count":0}
{"id":921634466623295488,"text":"#trumprussia #impeachtrumppence #trumprussia #impeachtrumppence\n#trumprussia #impeachtrumppence #trumprussia… https://t.co/iMtqIfZbQv","topic":"trumprussia","user_description":"#NYC Registered Nurse, books, health & fitness, fashion, movies, Nursing, music, foodie. Justice and equality for all. #44 #TheResistance #workoutgrind","retweet_count":0,"reply_count":0}
{"id":921634471866015744,"text":"James why so cute ? 😂😍💕 #ShowtimeLetsCelebr8","topic":"ShowtimeLetsCelebr8","user_description":"방탄♥ • S.O.P.E ♥ • 2Seok ♥ • SUNSHINEU ♥ • SEOULTANG ♥ •","retweet_count":0,"reply_count":0}
{"id":921634472751017984,"text":"This #job might be a great fit for you: IMMEDIATE HIRE!!- Housekeeping (Stone Oak Area) - https://t.co/0YPPinKZsy #veterans #Vetsjobs","topic":"job","user_description":"Allegiance Staffing is your staffing partner, proven to deliver better value, exceptional candidate quality, and results in the top 1% of the staffing industry.","retweet_count":0,"reply_count":0}
{"id":921634475880087553,"text":"Missing someone but trying to forget. It’s not easy. #ALDUBxEBLoveis","topic":"ALDUBxEBLoveis","user_description":"BEHIND THE THICK CLOUDS THERE'S A SUN STILL SHINING...","retweet_count":0,"reply_count":0}
{"id":921634477213810688,"text":"Plot, Love story and Awareness about Clinical Depression. Kudos! Ang gandaaa! ☺💖 #ALDUBxEBLoveis","topic":"ALDUBxEBLoveis","user_description":"1998 ° Katy cat ° Wallflower","retweet_count":0,"reply_count":0}
{"id":921634479390601216,"text":"Want to work at Thermo Fisher Scientific? We're #hiring in #Paisley, Scotland! Click for details: https://t.co/e5grxgoLYk #Finance #Job","topic":"hiring","user_description":"Follow this account for geo-targeted Finance job tweets in Glasgow. Need help? Tweet us at @CareerArc!","retweet_count":0,"reply_count":0}
{"id":921634488332861440,"text":"If you're looking for work in #Warsaw, Masovian Voivodeship, check out this #job: https://t.co/cRKeqsu6qy #CustomerService #Hiring","topic":"job","user_description":"Follow this account for geo-targeted Other job tweets in Poland. Need help? Tweet us at @CareerArc!","retweet_count":0,"reply_count":0}
{"id":921633625153601536,"text":"#FurkanPalalı Değil güzel bir mutluluk kaynağı olun #LalOn #no309 089","topic":"FurkanPalalı","retweet_count":0,"reply_count":0}
{"id":921633637484847105,"text":"Want to work in #Bucharest? View our latest opening: https://t.co/YccFkp7r4a #BusinessMgmt #Job #Jobs #Hiring #CareerArc","topic":"Job","user_description":"Follow this account for geo-targeted Other job tweets in Romania. Need help? Tweet us at @CareerArc!","retweet_count":0,"reply_count":0}
{"id":921633638353195008,"text":"When the past calls, let it go to voicemail.. it`s got nothing new to say. #ALDUBxEBLoveis","topic":"ALDUBxEBLoveis","user_description":"BEHIND THE THICK CLOUDS THERE'S A SUN STILL SHINING...","retweet_count":0,"reply_count":0}
{"id":921633652051607554,"text":"#Top3Apps de ayer viernes 20:\n\nTwitter for Android 46%\nTwitter for iPhone 28%\nTwitter Web Client 13%\n\n(Muestra: 3 tendencias y 609 tuits)","topic":"Top3Apps","user_description":"Información sobre los Temas del Momento de la geografía ecuatoriana #TrendingTopics — #trndnl","retweet_count":0,"reply_count":0}
{"id":921633653129486336,"text":"@kuriring01 @BernabeReggie @aldenrichards02 Juicemeooo!!!! Grabe yuung kilig ng audience!!!  #ALDUBxEBLoveis","topic":"ALDUBxEBLoveis","user_description":"Businesswoman, loves to cook, enjoys dancing, happy, loves Richard Faulkerson, Jr. and Nicomaine Dei Mendoza","retweet_count":0,"reply_count":0}
{"id":921633658875805696,"text":"It might take awhile, but eventually you`re going to find the good in goodbye. #ALDUBxEBLoveis","topic":"ALDUBxEBLoveis","user_description":"BEHIND THE THICK CLOUDS THERE'S A SUN STILL SHINING...","retweet_count":0,"reply_count":0}
{"id":921633666656284672,"text":"#FurkanPalalı Değil güzel bir mutluluk kaynağı olun #LalOn #no309 090","topic":"FurkanPalalı","retweet_count":0,"reply_count":0}
{"id":921633666656284672,"text":"#FurkanPalalı Değil güzel bir mutluluk kaynağı olun #LalOn #no309 090","topic":"FurkanPalalı","retweet_count":0,"reply_count":0}
{"id":921633675531509760,"text":"Cheer up, tomorrow will be a better day, just believe! #ALDUBxEBLoveis","topic":"ALDUBxEBLoveis","user_description":"BEHIND THE THICK CLOUDS THERE'S A SUN STILL SHINING...","retweet_count":0,"reply_count":0}
{"id":921633683789856768,"text":"Can you recommend anyone for this #job in #GardenCity, NY? https://t.co/6tURhfAbTv #Simon #CustomerService #Hiring","topic":"job","user_description":"Follow us for job tweets about available positions with Simon across all of our various mall and office locations around the country.","retweet_count":0,"reply_count":0}
{"id":921633684708454400,"text":"See our latest #Richmond, KY #job and click to apply: Pharmacy Technician - 2013 Lantern Ridge DRive... - https://t.co/Z24j8Ra0rX #Hiring","topic":"job","user_description":"Join a team that values customers, competition, family, freshness, health & safety.","retweet_count":0,"reply_count":0}
{"id":921633685681594368,"text":"Want to work in #Fairfield, OH? View our latest opening: https://t.co/A2nQG1OH2T #DRIVER #trucker #Job #Jobs #Hiring","topic":"Job","user_description":"We’re a leading #Supplychain solutions provider to quick serve restaurants and we’re #Hiring! Follow us at @MBHires to learn about #Careers at Martin Brower","retweet_count":0,"reply_count":0}
{"id":921633686495272960,"text":"See our latest #Antrim, Northern Ireland #job and click to apply: Seasonal Sales Associate - Antrim - https://t.co/0KfEaXgoSZ #Seasonal","topic":"job","user_description":"Follow this account for geo-targeted Retail job tweets in Great Britain. Need help? Tweet us at @CareerArc!","retweet_count":0,"reply_count":0}
{"id":921633687447498752,"text":"#FurkanPalalı Değil güzel bir mutluluk kaynağı olun #LalOn #no309 091","topic":"FurkanPalalı","retweet_count":0,"reply_count":0}
{"id":921633691469787136,"text":"#trumprussia #impeachtrumppence #trumprussia #impeachtrumppence\n#trumprussia #impeachtrumppence #trumprussia… https://t.co/qstvatjwic","topic":"trumprussia","user_description":"#NYC Registered Nurse, books, health & fitness, fashion, movies, Nursing, music, foodie. Justice and equality for all. #44 #TheResistance #workoutgrind","retweet_count":0,"reply_count":0}
{"id":921633697278889985,"text":"Classic book is a book which people praise, but do not read. #ALDUBxEBLoveis","topic":"ALDUBxEBLoveis","user_description":"BEHIND THE THICK CLOUDS THERE'S A SUN STILL SHINING...","retweet_count":0,"reply_count":0}
{"id":921633698423955456,"text":"😂🤣\nla ako masabi\n#ALDUBxEBLoveis https://t.co/VSfyW3PE4P","topic":"ALDUBxEBLoveis","user_description":"CMSRN","retweet_count":0,"reply_count":0,"quoted_status_id":921629178767794176}
{"id":921633705260548096,"text":"Ganda nila 😍 #ShowtimeLetsCelebr8 https://t.co/UKoIbBZg6I","topic":"ShowtimeLetsCelebr8","user_description":"Hotelier and a 👨‍👩‍👦‍👦                                                          ❤️ Sarah Geronimo and Nadine Lustre. Big ❤️ for Ashmatt and Jadine","retweet_count":0,"reply_count":0,"quoted_status_id":921607261608222720}
{"id":921633708125446144,"text":"#FurkanPalalı Değil güzel bir mutluluk kaynağı olun #LalOn #no309 092","topic":"FurkanPalalı","retweet_count":0,"reply_count":0}
{"id":921633718967549952,"text":"真っ正面かよ #sbhawks","topic":"sbhawks","user_description":"野球垢です！ホークスファンです！","retweet_count":0,"reply_count":0}
{"id":921633729185042432,"text":"#FurkanPalalı Değil güzel bir mutluluk kaynağı olun #LalOn #no309 093","topic":"FurkanPalalı","retweet_count":0,"reply_count":0}
{"id":921633730678026240,"text":"#Top3Apps de ayer viernes 20:\n\nTwitter for Android 42%\nTwitter for iPhone 21%\nTwitter Web Client 16%\n\n(Muestra: 34 tendencias y 6.925 tuits)","topic":"Top3Apps","user_description":"Las tendencias de Twitter, Google y YouTube en la geografía española — #trndnl","retweet_count":0,"reply_count":0}
{"id":921633736948555776,"text":"溢れる情熱カモン(／・ω・)／\n#sbhawks","topic":"sbhawks","user_description":"いちおう　ホークス専用のアカウントです\n本垢が使えない時のアカウントです\n本垢 @sastumawakataka です","retweet_count":0,"reply_count":0}
{"id":921633746427641857,"text":"1.67M TWEETS\n\n👉 #ALDUBxEBLoveis 👈\n💖💖💖\n@ofctrendsetter @AlDubBigBoyz @ALDUBNation","topic":"ALDUBxEBLoveis","user_description":"SOLID AND PROUD ALDUB FAN 👊FOLLOWED BY: @ALDUBNATIONNCR @ofcnewscaster @RealTinidora @OFCALDubKoTo","retweet_count":0,"reply_count":0}
{"id":921633757651701760,"text":"#FurkanPalalı Değil güzel bir mutluluk kaynağı olun #LalOn #no309 094","topic":"FurkanPalalı","retweet_count":0,"reply_count":0}
{"id":921633757777367040,"text":"サファテ登場！！\n#sbhawks https://t.co/RVo6XQBQe5","topic":"sbhawks","user_description":"@tatsu_rial のサブアカウントです。 こちらではホークスについてのつぶやきを中心にしていきます。 鷹党のみなさん一緒に日本一を目指して応援しましょう！ 是非、フォローお願いします！\nCSファイナル第4戦、日本シリーズ第1戦(ヤフオクドーム)観戦予定＼(^o^)／","retweet_count":0,"reply_count":0}
{"id":921633762655453185,"text":"One of the best scenes in #LOVEis! I was so blown away and was a crying mess! 👏🏻👏🏻👏🏻🙌🙌🙌 ##ALDUBxEBLoveis https://t.co/Bu5m0dIClz","topic":"ALDUBxEBLoveis","user_description":"MaiChard Shipper with NO leaning!","retweet_count":0,"reply_count":0,"quoted_status_id":921620668784848896}
{"id":921633763674562561,"text":"#ALDUBxEBLoveis. Group hug ADN wd @aldenrichards02 @maincdm @EatBulaga 🎉🎉🎉🎉🎉🎉🎉🎉 more TM for Maichard 🙏","topic":"ALDUBxEBLoveis","retweet_count":0,"reply_count":0}
{"id":921633766400856078,"text":"#ALDUBxEBLoveis\nUng nabulabog Ang studio at aldun nation s live 😘 kiss, love u @aldenrichards02 @mainedcm Basta ako teambahay solid","topic":"ALDUBxEBLoveis","retweet_count":0,"reply_count":0}
{"id":921633770138099712,"text":"37 福田秀平  嵐呼べよ福田　風を切れよ福田　溢れる情熱　見せてくれ  #sbhawks https://t.co/DI9MyKphjO","topic":"sbhawks","user_description":"いちおう　ホークス専用のアカウントです\n本垢が使えない時のアカウントです\n本垢 @sastumawakataka です","retweet_count":0,"reply_count":0}
{"id":921633777331441664,"text":"#FurkanPalalı Değil güzel bir mutluluk kaynağı olun #LalOn #no309 095","topic":"FurkanPalalı","retweet_count":0,"reply_count":0}
{"id":921633781953343488,"text":"#Top3Apps for Friday 20:\n\nTwitter for iPhone 33%\nTwitter for Android 26%\nTwitter Web Client 19%\n\n(Sample: 14 trends &amp; 1,678 tweets)","topic":"Top3Apps","user_description":"Information sur Twitter Trends en France #TrendingTopics — #trndnl","retweet_count":0,"reply_count":0}
{"id":921633794376876034,"text":"Thank you din po..hopefully more projects with our bibis☺️\n\n#ALDUBxEBLoveis https://t.co/t0mhwXIhIy","topic":"ALDUBxEBLoveis","user_description":"a day without smile is a day wasted 😊","retweet_count":0,"reply_count":0,"quoted_status_id":921625928450523136}
{"id":921634496021127168,"text":"What I wouldn’t give for a “quiet” bar dimly lit with Sinatra playing on the jukebox. Yeah I’m that guy keeping that flame alive. #music","topic":"music","user_description":"teacher, golfer, videogeek, mac-addict, pundit, undefinable, Rock-n-Roll, @Springsteen fan, I use @CallawayGolf gear Lone Justice  Forever!","retweet_count":0,"reply_count":0}
{"id":921634502149070848,"text":"#FurkanPalalı Değil güzel bir mutluluk kaynağı olun #LalOn #no309 0025","topic":"FurkanPalalı","retweet_count":0,"reply_count":0}
{"id":921634508901720065,"text":"#ALDUBxEBLoveis \n\nHuli na nong marealize ni Madam na live sila😂😂😂 nahampas tuloy si Gov\n©@pat_05… https://t.co/pOV3dqxbDA","topic":"ALDUBxEBLoveis","user_description":"Follow us on Facebook\nlink down below👇","retweet_count":0,"reply_count":0}
{"id":921634518708162560,"text":"#FurkanPalalı Değil güzel bir mutluluk kaynağı olun #LalOn #no309 0026","topic":"FurkanPalalı","retweet_count":0,"reply_count":0}
{"id":921634528531116033,"text":"#Top3Apps de ayer viernes 20:\n\nTwitter for Android 47%\nTwitter for iPhone 24%\nTwitter Web Client 11%\n\n(Muestra: 13 tendencias y 3.260 tuits)","topic":"Top3Apps","user_description":"Información sobre los Temas del Momento de la geografía Mexicana #TrendingTopics — #trndnl","retweet_count":0,"reply_count":0}
{"id":921634531928449024,"text":"Love is...masunurin kay kumander @mainedcm\n @aldenrichards02\nDahil dyan may prize ka mas malupit na kiss mamaya 😏\n#ALDUBxEBLoveis","topic":"ALDUBxEBLoveis","user_description":"Don't PANIC..It's ORGANIC!..\nLET'S GO! 😉🍃","retweet_count":0,"reply_count":0}
{"id":921634533811699712,"text":"Hahahaha! Cute mo James 😍 #ShowtimeLetsCelebr8","topic":"ShowtimeLetsCelebr8","user_description":"I'm a happy-go-lucky ray of fvcking sunshine.","retweet_count":0,"reply_count":0}
{"id":921634536114589696,"text":"#FurkanPalalı Değil güzel bir mutluluk kaynağı olun #LalOn #no309 0027","topic":"FurkanPalalı","retweet_count":0,"reply_count":0}
{"id":921634538505363456,"text":"Just because the relationship ended doesn’t mean the feelings did. #ALDUBxEBLoveis","topic":"ALDUBxEBLoveis","user_description":"BEHIND THE THICK CLOUDS THERE'S A SUN STILL SHINING...","retweet_count":0,"reply_count":0}
{"id":921634554909200385,"text":"#FurkanPalalı Değil güzel bir mutluluk kaynağı olun #LalOn #no309 0028","topic":"FurkanPalalı","retweet_count":0,"reply_count":0}
{"id":921634558466056192,"text":"Being single is so much better than being cheating on, lied to, and disrespected. #ALDUBxEBLoveis","topic":"ALDUBxEBLoveis","user_description":"BEHIND THE THICK CLOUDS THERE'S A SUN STILL SHINING...","retweet_count":0,"reply_count":0}
{"id":921634561536040960,"text":"True! I am one of them.\n\n#ALDUBxEBLoveis https://t.co/qqbNf0mtjb","topic":"ALDUBxEBLoveis","retweet_count":0,"reply_count":0,"quoted_status_id":921627891388911617}
{"id":921634572496003072,"text":"#FurkanPalalı Değil güzel bir mutluluk kaynağı olun #LalOn #no309 0029","topic":"FurkanPalalı","retweet_count":0,"reply_count":0}
{"id":921634575608172544,"text":"Slow replies make me think you are talking to someone better than me. #ALDUBxEBLoveis","topic":"ALDUBxEBLoveis","user_description":"BEHIND THE THICK CLOUDS THERE'S A SUN STILL SHINING...","retweet_count":0,"reply_count":0}
{"id":921634577134764032,"text":"Can you recommend anyone for this #job in #Seattle, WA? https://t.co/MBccRcyKDE #SwedishJobs #Hospitality #Hiring","topic":"job","user_description":"For 100 years, #employees at Swedish have provided the #Seattle area's best & most comprehensive #healthcare. Start your best #career at http://swedish.jobs","retweet_count":0,"reply_count":0}
{"id":921634580355989505,"text":"先生頼みます！(&gt;人&lt;;) #sbhawks","topic":"sbhawks","user_description":"FC東京（森重真人、SOSIO4年生）燕（つば九郎）鷹（和田毅）推し。音楽聴く事（JABBERLOOP,AKB48,AAA他諸々）とマラソンが趣味♪辛い時苦しい時でも笑顔忘れず日々前向きに楽しんで自由に生きるのです！٩(ˊᗜˋ*)و #ナイセン団","retweet_count":0,"reply_count":0}
{"id":921634591319961600,"text":"I knew I was in Love when all those stupid love songs started making sense. #ALDUBxEBLoveis","topic":"ALDUBxEBLoveis","user_description":"BEHIND THE THICK CLOUDS THERE'S A SUN STILL SHINING...","retweet_count":0,"reply_count":0}
{"id":921634591764549633,"text":"#FurkanPalalı Değil güzel bir mutluluk kaynağı olun #LalOn #no309 0030","topic":"FurkanPalalı","retweet_count":0,"reply_count":0}
{"id":921634601935634432,"text":"We're #hiring! Click to apply: Digital Video DevOps Specialist - https://t.co/GbLFdoQLBx #Engineering #Manila, NCR #Job #Jobs #CareerArc","topic":"hiring","user_description":"Follow this account for geo-targeted Other job tweets in Phillipines. Need help? Tweet us at @CareerArc!","retweet_count":0,"reply_count":0}
{"id":921634612866179072,"text":"@inflames_swe #great #show #heavy #metal #music #concert #rock #trip #cdmx #df #mexico #city… https://t.co/ufE9JsXP1F","topic":"music","user_description":"amante de la buena música y de la bebida...","retweet_count":0,"reply_count":0}
{"id":921634612908056576,"text":"Motivation is what gets you started. Habit is what keeps you going. #ALDUBxEBLoveis","topic":"ALDUBxEBLoveis","user_description":"BEHIND THE THICK CLOUDS THERE'S A SUN STILL SHINING...","retweet_count":0,"reply_count":0}
{"id":921634617580572672,"text":"#FurkanPalalı Değil güzel bir mutluluk kaynağı olun #LalOn #no309 0031","topic":"FurkanPalalı","retweet_count":0,"reply_count":0}
{"id":921634629601431552,"text":"What doesn’t kill us makes us stronger. #ALDUBxEBLoveis","topic":"ALDUBxEBLoveis","user_description":"BEHIND THE THICK CLOUDS THERE'S A SUN STILL SHINING...","retweet_count":0,"reply_count":0}
{"id":921634638824660992,"text":"#FurkanPalalı Değil güzel bir mutluluk kaynağı olun #LalOn #no309 0032","topic":"FurkanPalalı","retweet_count":0,"reply_count":0}
{"id":921634644981776384,"text":"#Top3Apps for Friday 20:\n\nTwitter for iPhone 26%\nTwitter for Android 25%\nTwitter Web Client 17%\n\n(Sample: 2 trends &amp; 252 tweets)","topic":"Top3Apps","user_description":"Information about Twitter's #TrendingTopics in Malaysia — #trndnl","retweet_count":0,"reply_count":0}
{"id":921634650371399680,"text":"サファテ〜、先頭切るよっ❗️\n3人で切って、気持ち良く王手をかけよう☝🏻😉\n#sbhawks #CSファイナル","topic":"sbhawks","user_description":"現役38年目草野球player / Hawks / Southern All Stars / 桑田佳祐 / TOTO / U2 / Ｍaroon5 / The Beatles / STAR WARS / BTTF /","retweet_count":0,"reply_count":0}
{"id":921634657766166528,"text":"#FurkanPalalı Değil güzel bir mutluluk kaynağı olun #LalOn #no309 0033","topic":"FurkanPalalı","retweet_count":0,"reply_count":0}
{"id":921634660496523265,"text":"Every story has an end, but in life every ending is just a new beginning. #ALDUBxEBLoveis","topic":"ALDUBxEBLoveis","user_description":"BEHIND THE THICK CLOUDS THERE'S A SUN STILL SHINING...","retweet_count":0,"reply_count":0}
{"id":921634150787948544,"text":"サクサクww #sbhawks","topic":"sbhawks","user_description":"野球垢です！ホークスファンです！","retweet_count":0,"reply_count":0}
{"id":921634158191042560,"text":"#FurkanPalalı Değil güzel bir mutluluk kaynağı olun #LalOn #no309 008","topic":"FurkanPalalı","retweet_count":0,"reply_count":0}
{"id":921634160338497536,"text":"Memory is a way of holding onto the things you love, the things you never want to lose ever. #ALDUBxEBLoveis","topic":"ALDUBxEBLoveis","user_description":"BEHIND THE THICK CLOUDS THERE'S A SUN STILL SHINING...","retweet_count":0,"reply_count":0}
{"id":921634170031415296,"text":"😚 💑 ❤ #Confirmed\n#ALDUBxEBLoveis","topic":"ALDUBxEBLoveis","user_description":"Live your life to the fullest because it only happens once!","retweet_count":0,"reply_count":0}
{"id":921634172233506816,"text":"#FurkanPalalı Değil güzel bir mutluluk kaynağı olun #LalOn #no309 009","topic":"FurkanPalalı","retweet_count":0,"reply_count":0}
{"id":921634173386764288,"text":"@ALDUBxxMAICHARD @ofctrendsetter @AlDubBigBoyz @ALDUBNation let's go ADN tweet pa more 2 show r love &amp; support to MaiChard #ALDUBxEBLoveis","topic":"ALDUBxEBLoveis","user_description":"GOD fearing, messenger of God's love,  peacemaker, forever MaiChard, forever prayer warrior of MaiChard & AlDub Nation fandom worldwide","retweet_count":0,"reply_count":0}
{"id":921634180555067392,"text":"Every day is a new beginning. Take a deep breath and start again. #ALDUBxEBLoveis","topic":"ALDUBxEBLoveis","user_description":"BEHIND THE THICK CLOUDS THERE'S A SUN STILL SHINING...","retweet_count":0,"reply_count":0}
{"id":921634186691100672,"text":"We're #hiring! Click to apply: Lab technician - https://t.co/rbiLZaVc2F #Engineering #Cambridge, England #Job #Jobs #CareerArc","topic":"hiring","user_description":"Follow this account for geo-targeted Engineering job tweets in Cambridge, UK. Need help? Tweet us at @CareerArc!","retweet_count":0,"reply_count":0}
{"id":921634190952673280,"text":"#FurkanPalalı Değil güzel bir mutluluk kaynağı olun #LalOn #no309 0010","topic":"FurkanPalalı","retweet_count":0,"reply_count":0}
{"id":921634190965141504,"text":"Want to work at QuintilesIMS? We're #hiring in #GreatBritain! Click for details: https://t.co/a5sVzotGdi #Pharmaceutical #Job #Jobs","topic":"hiring","user_description":"Follow this account for geo-targeted Pharm./Biotech job tweets in Sheffield. Need help? Tweet us at @CareerArc!","retweet_count":0,"reply_count":0}
{"id":921634194513477632,"text":"Nagaabang ako sa book launch iyun pala sold out in an hour iyung advance copies hay iba talaga ang Maine\n\n #ALDUBxEBLoveis","topic":"ALDUBxEBLoveis","user_description":"Resilient. Objective. Rational.\nLove is a grave mental disease. - Plato","retweet_count":0,"reply_count":0}
{"id":921634200549249024,"text":"Amazing moment when you find the EXACT answers to your homework on Google :) #ALDUBxEBLoveis","topic":"ALDUBxEBLoveis","user_description":"BEHIND THE THICK CLOUDS THERE'S A SUN STILL SHINING...","retweet_count":0,"reply_count":0}
{"id":921634201127886849,"text":"#liveconcert #bigband #magical #moments Let the #music #play! @… https://t.co/gailBSNcNz","topic":"music","user_description":"Jazz Singer based in New York City, with 4 Albums to her name; a 2011 Grammy Nominee, a 2011 Swiss Jazz Award Winner, the AIDA of AIDA DAS MUSICAL 2013...","retweet_count":0,"reply_count":0}
{"id":921634202147201024,"text":"#Top3Apps for Friday 20:\n\nTwitter for Android 28%\nTwitter Web Client 28%\nTwitter for iPhone 25%\n\n(Sample: 16 trends &amp; 2,787 tweets)","topic":"Top3Apps","user_description":"Information about Twitter's #TrendingTopics in Italy — #trndnl","retweet_count":0,"reply_count":0}
{"id":921634207293628417,"text":"サファテ、頼んだよ🙏\n\n#sbhawks","topic":"sbhawks","user_description":"鷹・燕全力応援垢 復興のために九州8県一致団結 スポーツプラザ宮崎JERSEYは宮崎のホークスファンの聖地‼️♪間違い🆗❗️失敗🆗❗️やり直せばいいじゃん つまづき🆗❗️谷底🆗❗️今日のマイナス チャンスにしよう♪ 現地参戦終了 ※鷹6勝5敗,燕1勝2敗(練習試合,OP戦含む)","retweet_count":0,"reply_count":0}
{"id":921634207167901697,"text":"#chien #perdu à CANNES LA BOCCA 06150 (FR) https://t.co/bleC7nnao2 https://t.co/x1ao7mY10Z","topic":"chien","retweet_count":0,"reply_count":0}
{"id":921634209642569728,"text":"#FurkanPalalı Değil güzel bir mutluluk kaynağı olun #LalOn #no309 0011","topic":"FurkanPalalı","retweet_count":0,"reply_count":0}
{"id":921634210724700160,"text":"#chien #trouvé à CHEF BOUTONNE 79110 (FR) https://t.co/nG3Ak443Ue https://t.co/2QNnxXyZgV","topic":"chien","retweet_count":0,"reply_count":0}
{"id":921634214440824832,"text":"#chien #trouvé à SAINT-PIERRE-LE-VIEUX 71000 (FR) https://t.co/Nm2eOuPb1Y https://t.co/Cv2WysJimS","topic":"chien","retweet_count":0,"reply_count":0}
{"id":921634216181489665,"text":"Sabi nga ni lola nidora “be ones strength if the other half is not” that is LOVE😍 #ALDUBxEBLoveis","topic":"ALDUBxEBLoveis","user_description":"loving wife to bingkot ❤️ MaiChard always","retweet_count":0,"reply_count":0}
{"id":921634218400153600,"text":"#chien #trouvé à CEZAN 32410 (FR) https://t.co/pRy8KYaCLC https://t.co/AIdgHTvkzf","topic":"chien","retweet_count":0,"reply_count":0}
{"id":921634220513955840,"text":"BEKE NEMEN PO. PLS. HAHAHAHAHAHAHA\n\n#ALDUBxEBLoveis https://t.co/kBZQBBLKU8","topic":"ALDUBxEBLoveis","user_description":"For Richard & Nicomaine.","retweet_count":0,"reply_count":0,"quoted_status_id":921629056818298880}
{"id":921634222200238080,"text":"Single and in a relationship are just titles. Your heart determines your true relationship status. #ALDUBxEBLoveis","topic":"ALDUBxEBLoveis","user_description":"BEHIND THE THICK CLOUDS THERE'S A SUN STILL SHINING...","retweet_count":0,"reply_count":0}
{"id":921634222087004160,"text":"#chien #perdu à NOUMéA 98800 (NC) https://t.co/Wj456uzTVH https://t.co/e2FAtjCCsk","topic":"chien","retweet_count":0,"reply_count":0}
{"id":921634224200978432,"text":"#FurkanPalalı Değil güzel bir mutluluk kaynağı olun #LalOn #no309 0012","topic":"FurkanPalalı","retweet_count":0,"reply_count":0}
{"id":921634226822316032,"text":"#chien #perdu à ST MARTIN EN HAUT 69850 (FR) https://t.co/MqUThokRu0 https://t.co/EHE5Ip73p9","topic":"chien","retweet_count":0,"reply_count":0}
{"id":921634228856487937,"text":"Interested in a #job in #Florence, Tuscany? This could be a great fit: https://t.co/iADBCQkFeH #internship #Hiring #CareerArc","topic":"job","user_description":"Follow this account for geo-targeted Other job tweets in Italy. Need help? Tweet us at @CareerArc!","retweet_count":0,"reply_count":0}
{"id":921634231062859776,"text":"#chien #perdu à HALLUIN 59000 (FR) https://t.co/OeWIOKuOGI https://t.co/qBux9dh7WL","topic":"chien","retweet_count":0,"reply_count":0}
{"id":921634235160522753,"text":"さあ先生いつも通りおなしゃっす！ #sbhawks","topic":"sbhawks","user_description":"野球垢です！ホークスファンです！","retweet_count":0,"reply_count":0}
{"id":921634235311673346,"text":"#chien #trouvé à CHEF BOUTONNE 79110 (FR) https://t.co/6rdyJl4PIT https://t.co/LiOkeURgkC","topic":"chien","retweet_count":0,"reply_count":0}
{"id":921634240156131328,"text":"#chien #trouvé à CHEF BOUTONNE 79110 (FR) https://t.co/dulY41XgVB https://t.co/nWzf0ukzO8","topic":"chien","retweet_count":0,"reply_count":0}
{"id":921634244799188993,"text":"Right is right, even if everyone is against it and wrong is wrong, even if everyone is for it. #ALDUBxEBLoveis","topic":"ALDUBxEBLoveis","user_description":"BEHIND THE THICK CLOUDS THERE'S A SUN STILL SHINING...","retweet_count":0,"reply_count":0}
{"id":921634245524774912,"text":"#chien #perdu à LOUDEAC 22600 (FR) https://t.co/fabyfJmujO https://t.co/Bf07BeBV1Z","topic":"chien","retweet_count":0,"reply_count":0}
{"id":921634250784493569,"text":"#chien #trouvé à CHEF BOUTONNE 79110 (FR) https://t.co/MJpC4SIJhg https://t.co/9ad0f7WUmS","topic":"chien","retweet_count":0,"reply_count":0}
{"id":921634255880572928,"text":"#chien #perdu à DRAILLANT 74550 (FR) https://t.co/jJgqIrCsqv https://t.co/zjBMNUElen","topic":"chien","retweet_count":0,"reply_count":0}
{"id":921634257851760640,"text":"@mendietafirpo la 1ª mención de #SantiagoSeAhogó aparece en tu TL. ¡Ahora es Tendencia en Argentina! #trndnl","topic":"trndnl","user_description":"Información sobre los Temas del Momento de la geografía argentina #TrendingTopics — #trndnl","retweet_count":0,"reply_count":0}
{"id":921634259944665088,"text":"584 cuentas y 622 tuits (590 RTs) en 4 horas convirtieron #SantiagoSeAhogó en Tendencia. #trndnl","topic":"trndnl","user_description":"Información sobre los Temas del Momento de la geografía argentina #TrendingTopics — #trndnl","retweet_count":0,"reply_count":0}
{"id":921634259923800066,"text":"#chien #perdu à TROUILLAS 66300 (FR) https://t.co/JRjFvcZ2Xp https://t.co/ZnlJSpdBQg","topic":"chien","retweet_count":0,"reply_count":0}
{"id":921634261618139136,"text":"153.136 personas podrían haber visto #SantiagoSeAhogó desde su 1ª mención hasta convertirse en Tendencia. #trndnl","topic":"trndnl","user_description":"Información sobre los Temas del Momento de la geografía argentina #TrendingTopics — #trndnl","retweet_count":0,"reply_count":0}
{"id":921634261702242304,"text":"#FurkanPalalı Değil güzel bir mutluluk kaynağı olun #LalOn #no309 0013","topic":"FurkanPalalı","retweet_count":0,"reply_count":0}
{"id":921634263316889600,"text":"#Top3Apps mientras #SantiagoSeAhogó se convertía en Tendencia\n\nTwitter for Android 45%\nTwitter Web Client 36%\nTwitter Lite 7%","topic":"Top3Apps","user_description":"Información sobre los Temas del Momento de la geografía argentina #TrendingTopics — #trndnl","retweet_count":0,"reply_count":0}
{"id":921634264495427584,"text":"ラストイニング！  \nファイナルステージ王手をかける勝利の雄叫びの準備はいいか（・◇・）/~~~！\n#sbhawks\nhttps://t.co/xsEI7hM9Uj","topic":"sbhawks","user_description":"いちおう　ホークス専用のアカウントです\n本垢が使えない時のアカウントです\n本垢 @sastumawakataka です","retweet_count":0,"reply_count":0}
{"id":921634264923246598,"text":"El tuit con más repercusión de la Tendencia #SantiagoSeAhogó fue de @LaBelgrana: https://t.co/KDD2HErIaA (63 RTs) #trndnl","topic":"trndnl","user_description":"Información sobre los Temas del Momento de la geografía argentina #TrendingTopics — #trndnl","retweet_count":0,"reply_count":0,"quoted_status_id":921589392212361217}
{"id":921634264696881152,"text":"Our prime purpose in this life is to help others. And if you can’t help them, atleast don’t hurt them. #ALDUBxEBLoveis","topic":"ALDUBxEBLoveis","user_description":"BEHIND THE THICK CLOUDS THERE'S A SUN STILL SHINING...","retweet_count":0,"reply_count":0}
{"id":921634264386596865,"text":"#chien #trouvé à PREIGNAC 33210 (FR) https://t.co/axOwAn0GRd https://t.co/bnJHM1lO9M","topic":"chien","retweet_count":0,"reply_count":0}
{"id":921634268907999232,"text":"#chien #perdu à BAYONNE 64100 (FR) https://t.co/xoZcctAk9m https://t.co/KME1Dihjiq","topic":"chien","retweet_count":0,"reply_count":0}
{"id":921634270225027072,"text":"#trumprussia #impeachtrumppence #trumprussia #impeachtrumppence\n#trumprussia #impeachtrumppence #trumprussia… https://t.co/hydFrm9arC","topic":"trumprussia","user_description":"#NYC Registered Nurse, books, health & fitness, fashion, movies, Nursing, music, foodie. Justice and equality for all. #44 #TheResistance #workoutgrind","retweet_count":0,"reply_count":0}
{"id":921634272229974017,"text":"#chien #trouvé à OCCAGNES 61200 (FR) https://t.co/LmMPlTCauq https://t.co/KxxCBe5GAw","topic":"chien","retweet_count":0,"reply_count":0}
{"id":921634277917327362,"text":"#FurkanPalalı Değil güzel bir mutluluk kaynağı olun #LalOn #no309 0014","topic":"FurkanPalalı","retweet_count":0,"reply_count":0}
{"id":921634278353465345,"text":"Eh yung laht ng dabarkads nakatingin tlg sa knila. Pwede na siguro mag uyab kay Baste 😂😂😂😂😘😘😘😘 #ALDUBxEBLoveis https://t.co/nD2wB6oStw","topic":"ALDUBxEBLoveis","user_description":"MaiChard is 💛 💯🍃🍃🍃🍃❤️❤️💛💛☀️☀️☀️","retweet_count":0,"reply_count":0,"quoted_status_id":921625720723456001}
{"id":921634280740216833,"text":"#chien #trouvé à NOTRE DAME D OE 37390 (FR) https://t.co/YewaSOazrm https://t.co/O0Lafud8Kl","topic":"chien","retweet_count":0,"reply_count":0}
{"id":921634284636725248,"text":"I need to be thankful for what I have rather than frustrated about what I don’t have. #ALDUBxEBLoveis","topic":"ALDUBxEBLoveis","user_description":"BEHIND THE THICK CLOUDS THERE'S A SUN STILL SHINING...","retweet_count":0,"reply_count":0}
{"id":921634284548608000,"text":"#chien #perdu à TOURVES 83170 (FR) https://t.co/TI1ANx2IYb https://t.co/h1wWHiHO1R","topic":"chien","retweet_count":0,"reply_count":0}
{"id":921634286083588096,"text":"#Top3Apps for Friday 20:\n\nTwitter for Android 57%\nTwitter for iPhone 17%\nTwitter Web Client 10%\n\n(Sample: 6 trends &amp; 2,252 tweets)","topic":"Top3Apps","user_description":"Information about Twitter's #TrendingTopics in Kenya — #trndnl","retweet_count":0,"reply_count":0}
{"id":921634289229422593,"text":"#chien #trouvé à PARIS 75007 (FR) https://t.co/ajIGiW2Ysi https://t.co/8ElE2kz3DJ","topic":"chien","retweet_count":0,"reply_count":0}
{"id":921634292417089536,"text":"#chien #perdu à LA CHAPELLE DE BRAIN 35660 (FR) https://t.co/wknpT1BaP1 https://t.co/qfY7s2MS4X","topic":"chien","retweet_count":0,"reply_count":0}
{"id":921634294371467265,"text":"#FurkanPalalı Değil güzel bir mutluluk kaynağı olun #LalOn #no309 0015","topic":"FurkanPalalı","retweet_count":0,"reply_count":0}
{"id":921634293947887616,"text":"Top nationwide and Worldwide \n#ALDUBxEBLoveis https://t.co/G0SHgLmWq4","topic":"ALDUBxEBLoveis","user_description":"Lovable","retweet_count":0,"reply_count":0}
{"id":921634296661725184,"text":"#chien #perdu à CREUZIER LE VIEUX 03300 (FR) https://t.co/Nm0LFjUPAE https://t.co/JcNBZWW6lk","topic":"chien","retweet_count":0,"reply_count":0}
{"id":921634304068915200,"text":"Some people need to realize that Facebook is a social network, not their diary. #ALDUBxEBLoveis","topic":"ALDUBxEBLoveis","user_description":"BEHIND THE THICK CLOUDS THERE'S A SUN STILL SHINING...","retweet_count":0,"reply_count":0}
{"id":921634300960890880,"text":"#chien #trouvé à MONTAGNIEU 01470 (FR) https://t.co/2fAybW4zfd https://t.co/OonzDCrZV4","topic":"chien","retweet_count":0,"reply_count":0}
{"id":921634307239751680,"text":"#chien #perdu à CONNERRé 72160 (FR) https://t.co/kldHQjDxyp https://t.co/JWDBa5zknr","topic":"chien","retweet_count":0,"reply_count":0}
{"id":921634311253700609,"text":"#chien #perdu à GEVREY CHAMBERTIN 21220 (FR) https://t.co/HU35Imjvm9 https://t.co/FBzrmObKyU","topic":"chien","retweet_count":0,"reply_count":0}
{"id":921634316035215360,"text":"#chien #trouvé à AIX EN PROVENCE 13100 (FR) https://t.co/JeY7tDrRBZ https://t.co/RzWee0R4tv","topic":"chien","retweet_count":0,"reply_count":0}
{"id":921634317964627968,"text":"#FurkanPalalı Değil güzel bir mutluluk kaynağı olun #LalOn #no309 0016","topic":"FurkanPalalı","retweet_count":0,"reply_count":0}
{"id":921634320158285824,"text":"If you are Hotter than me, does that mean I am Cooler than you? #ALDUBxEBLoveis","topic":"ALDUBxEBLoveis","user_description":"BEHIND THE THICK CLOUDS THERE'S A SUN STILL SHINING...","retweet_count":0,"reply_count":0}
{"id":921634320061796357,"text":"#chien #perdu à MONTRéAL H1M1K2 (CA) https://t.co/3ImCuF3zeF https://t.co/adACyH5G6c","topic":"chien","retweet_count":0,"reply_count":0}
{"id":921633451773648896,"text":"Na miss ko mag tweet na may ALDUB hashtag  #ALDUBxEBLoveis","topic":"ALDUBxEBLoveis","user_description":"Resilient. Objective. Rational.\nLove is a grave mental disease. - Plato","retweet_count":0,"reply_count":0}
{"id":921633452289642497,"text":"#FurkanPalalı Değil güzel bir mutluluk kaynağı olun #LalOn #no309 084","topic":"FurkanPalalı","retweet_count":0,"reply_count":0}
{"id":921633455766728704,"text":"Don`t run from your fears, when they catch up with you, you`ll be too tired to fight. #ALDUBxEBLoveis","topic":"ALDUBxEBLoveis","user_description":"BEHIND THE THICK CLOUDS THERE'S A SUN STILL SHINING...","retweet_count":0,"reply_count":0}
{"id":921633465921028096,"text":"ブルーマウンテンさんやん！\n追加点とるぞ！ #sbhawks","topic":"sbhawks","user_description":"野球垢です！ホークスファンです！","retweet_count":0,"reply_count":0}
{"id":921633470413262848,"text":"#FurkanPalalı Değil güzel bir mutluluk kaynağı olun #LalOn #no309 085","topic":"FurkanPalalı","retweet_count":0,"reply_count":0}
{"id":921633476964646912,"text":"Start by doing whats necessary, then do whats possible and suddenly you are doing impossible. #ALDUBxEBLoveis","topic":"ALDUBxEBLoveis","user_description":"BEHIND THE THICK CLOUDS THERE'S A SUN STILL SHINING...","retweet_count":0,"reply_count":0}
{"id":921633477140799488,"text":"Interested in a #job in #LittleRock, AR? This could be a great fit: https://t.co/XyK7sPml0m #Nursing #Hiring","topic":"job","user_description":"@uamshealth is looking for #healthcare professionals who believe in excellence as a way of life. #nursing #jobs","retweet_count":0,"reply_count":0}
{"id":921633492361920512,"text":"#Top3Apps for Friday 20:\n\nTwitter for Android 29%\nTwitter for iPhone 29%\nTwitter Web Client 19%\n\n(Sample: 17 trends &amp; 2,525 tweets)","topic":"Top3Apps","user_description":"Information about Twitter's #TrendingTopics in Germany — #trndnl","retweet_count":0,"reply_count":0}
{"id":921633493569998848,"text":"#FurkanPalalı Değil güzel bir mutluluk kaynağı olun #LalOn #no309 086","topic":"FurkanPalalı","retweet_count":0,"reply_count":0}
{"id":921633494530392064,"text":"Saturday let's go!\n@Hashtnowplaying: #LostBoyz - Me And My Crazy World\nhttps://t.co/XVHRGdyXet\n#np #music #hiphop #nowplaying #classicjam","topic":"music","user_description":"Student of Life!","retweet_count":0,"reply_count":0}
{"id":921633502453518336,"text":"There are many things in life that will catch your eye, but only a few can catch your heart. #ALDUBxEBLoveis","topic":"ALDUBxEBLoveis","user_description":"BEHIND THE THICK CLOUDS THERE'S A SUN STILL SHINING...","retweet_count":0,"reply_count":0}
{"id":921633511752257536,"text":"#FurkanPalalı Değil güzel bir mutluluk kaynağı olun #LalOn #no309 087","topic":"FurkanPalalı","retweet_count":0,"reply_count":0}
{"id":921633517242482688,"text":"We're #hiring! Click to apply: Elektrotechniker (m/w) - https://t.co/NK7yVtKGEi #Manufacturing #Celle, NDS #Job #Jobs #CareerArc","topic":"hiring","user_description":"Follow this account for geo-targeted Manufacturing job tweets in Germany. Need help? Tweet us at @CareerArc!","retweet_count":0,"reply_count":0}
{"id":921633525505310722,"text":"あー落ちない #sbhawks","topic":"sbhawks","user_description":"野球垢です！ホークスファンです！","retweet_count":0,"reply_count":0}
{"id":921633530647420928,"text":"TOP SPOT WW 👏👏👏👏👏\n\n👉 #ALDUBxEBLoveis 👈\n💖💖💖\n@aalix @ofctrendsetter @AlDubBigBoyz @ALDUBNation @AldubThoughts… https://t.co/nBjmFyu0Jn","topic":"ALDUBxEBLoveis","user_description":"SOLID AND PROUD ALDUB FAN 👊FOLLOWED BY: @ALDUBNATIONNCR @ofcnewscaster @RealTinidora @OFCALDubKoTo","retweet_count":0,"reply_count":0}
{"id":921633531796828160,"text":"#FurkanPalalı Değil güzel bir mutluluk kaynağı olun #LalOn #no309 088","topic":"FurkanPalalı","retweet_count":0,"reply_count":0}
{"id":921633535336775680,"text":"People who gossip with you, most likely gossip about you. #ALDUBxEBLoveis","topic":"ALDUBxEBLoveis","user_description":"BEHIND THE THICK CLOUDS THERE'S A SUN STILL SHINING...","retweet_count":0,"reply_count":0}
{"id":921633536628551680,"text":"Everyone’s deserving!!!🙌🙌🙌 pero medj oa ang standing ovation okie #ShowtimeLetsCelebr8","topic":"ShowtimeLetsCelebr8","user_description":"love + trust","retweet_count":0,"reply_count":0}
{"id":921633540919328769,"text":"7　中村　晃 新たな扉を　今から開け　愛する男さ　中村晃 #sbhawks https://t.co/YswXgoBUGy","topic":"sbhawks","user_description":"いちおう　ホークス専用のアカウントです\n本垢が使えない時のアカウントです\n本垢 @sastumawakataka です","retweet_count":0,"reply_count":0}
{"id":921633556597702657,"text":"It`s quite ironic that in life, the person that brings out the best in you and makes you strong.. is actually your weakness. #ALDUBxEBLoveis","topic":"ALDUBxEBLoveis","user_description":"BEHIND THE THICK CLOUDS THERE'S A SUN STILL SHINING...","retweet_count":0,"reply_count":0}
{"id":921633578810839040,"text":"Cutting my wings won`t keep me safe,it will make me fall when i try to reach the sky. #ALDUBxEBLoveis","topic":"ALDUBxEBLoveis","user_description":"BEHIND THE THICK CLOUDS THERE'S A SUN STILL SHINING...","retweet_count":0,"reply_count":0}
{"id":921633595801792512,"text":"Can you recommend anyone for this #job? Erfahrener Klinikreferent (m/w): Trier, Mainz,... - https://t.co/xScFgin33f #Pharmaceutical","topic":"job","user_description":"Quintiles and IMS Health have merged to form @QuintilesIMS. We invite you to join us on our exciting journey - help us make a difference in patient #health.","retweet_count":0,"reply_count":0}
{"id":921633595747213312,"text":"If you're looking for work in #Houston, TX, check out this #job: https://t.co/kYaAz0j9JK #CustServ #CustomerCare… https://t.co/gzgA25XTe2","topic":"job","user_description":"Staffing and Recruiting Leader","retweet_count":0,"reply_count":0}
{"id":921633599660658688,"text":"Sometimes people have to cry out all their tears, to make room for a heart full of smiles. #ALDUBxEBLoveis","topic":"ALDUBxEBLoveis","user_description":"BEHIND THE THICK CLOUDS THERE'S A SUN STILL SHINING...","retweet_count":0,"reply_count":0}
{"id":921633610276278274,"text":"Lagot kayo kay Baste sa harap pa talaga niyaaaaaaa! Hahahahaha! #ALDUBxEBLoveis https://t.co/hTEWpYBdfW","topic":"ALDUBxEBLoveis","user_description":"homebody. low key. loner. introvert. bibliophile. logophile. music, coffee (hot or cold) and milk tea (with pearls) lover. binge-watcher. a keeper. vulnerable.","retweet_count":0,"reply_count":0,"quoted_status_id":921626861045612544}
{"id":921633621118611456,"text":"100円追加で、 チキンと、ポテトと、… CSでホームランと…、\n#sbhawks https://t.co/ISJT5hISgg","topic":"sbhawks","user_description":"いちおう　ホークス専用のアカウントです\n本垢が使えない時のアカウントです\n本垢 @sastumawakataka です","retweet_count":0,"reply_count":0}
{"id":921633620875534337,"text":"Run with your dreams and follow your passions. Make things happen. Change courses. This will lead you to your destiny. #ALDUBxEBLoveis","topic":"ALDUBxEBLoveis","user_description":"BEHIND THE THICK CLOUDS THERE'S A SUN STILL SHINING...","retweet_count":0,"reply_count":0}
{"id":921633802769846273,"text":"Beauty is power; a smile is its sword.. #ALDUBxEBLoveis","topic":"ALDUBxEBLoveis","user_description":"BEHIND THE THICK CLOUDS THERE'S A SUN STILL SHINING...","retweet_count":0,"reply_count":0}
{"id":921633803147157504,"text":"Interested in a #job in #Hillsboro, OH? This could be a great fit: https://t.co/pnsZAPXZzd #HomeHealth #PatientCare #RN #Hiring","topic":"job","user_description":"HCR ManorCare is the operating group of ManorCare, Inc., a leading provider of short-term post-acute and long-term care.","retweet_count":0,"reply_count":0}
{"id":921633805873459200,"text":"It’s been a long time since I tweeted anything related to ALDUB pero wow same feels.\n\n#ALDUBxEBLoveis","topic":"ALDUBxEBLoveis","user_description":"Resilient. Objective. Rational.\nLove is a grave mental disease. - Plato","retweet_count":0,"reply_count":0}
{"id":921633823032348672,"text":"HAHAHAHAHA MATCHYYYY SILAAAA 😂💓\n\n#ShowtimeLetsCelebr8","topic":"ShowtimeLetsCelebr8","user_description":"I love 2 love you || ig: jd.edmonton","retweet_count":0,"reply_count":0}
{"id":921633824798363648,"text":"Alone doesn`t mean lonely, lonely doesn`t have to be alone. #ALDUBxEBLoveis","topic":"ALDUBxEBLoveis","user_description":"BEHIND THE THICK CLOUDS THERE'S A SUN STILL SHINING...","retweet_count":0,"reply_count":0}
{"id":921633827675570176,"text":"#FurkanPalalı Değil güzel bir mutluluk kaynağı olun #LalOn #no309 096","topic":"FurkanPalalı","retweet_count":0,"reply_count":0}
{"id":921633836269649920,"text":"#Top3Apps for Friday 20:\n\nTwitter for iPhone 39%\nTwitter for Android 22%\nTwitter Web Client 16%\n\n(Sample: 20 trends &amp; 4,854 tweets)","topic":"Top3Apps","user_description":"Information about Twitter's #TrendingTopics in the United Kingdom — #trndnl","retweet_count":0,"reply_count":0}
{"id":921633841076490240,"text":"I think of you in colours that don`t exist. #ALDUBxEBLoveis","topic":"ALDUBxEBLoveis","user_description":"BEHIND THE THICK CLOUDS THERE'S A SUN STILL SHINING...","retweet_count":0,"reply_count":0}
{"id":921633848332390401,"text":"Want to work in #Singapore? View our latest opening: https://t.co/MKrhjDE4k2 #Engineering #Job #Jobs #Hiring #CareerArc","topic":"Job","user_description":"Follow this account for geo-targeted Other job tweets in Singapore. Need help? Tweet us at @CareerArc!","retweet_count":0,"reply_count":0}
{"id":921633851599982592,"text":"#FurkanPalalı Değil güzel bir mutluluk kaynağı olun #LalOn #no309 097","topic":"FurkanPalalı","retweet_count":0,"reply_count":0}
{"id":921633857740394496,"text":"If they can`t swallow facts, let them eat fiction. #ALDUBxEBLoveis","topic":"ALDUBxEBLoveis","user_description":"BEHIND THE THICK CLOUDS THERE'S A SUN STILL SHINING...","retweet_count":0,"reply_count":0}
{"id":921633858335809536,"text":"Fan mo na ako, Direk. Yung edits. Yung shots. Yung motivation ng artista. Pati score. Galing. @aalix #ALDUBxEBLoveis","topic":"ALDUBxEBLoveis","user_description":"Artichoke Vinaigrette Provolone \n\n#MaichardisReal\n#JonerysIsReal","retweet_count":0,"reply_count":0}
{"id":921633860684734464,"text":"Interested in a #job in #HongKong? This could be a great fit: https://t.co/Ac99etPtgB #architecture #Hiring #CareerArc","topic":"job","user_description":"Follow this account for geo-targeted Other job tweets in Hong Kong. Need help? Tweet us at @CareerArc!","retweet_count":0,"reply_count":0}
{"id":921633865306800128,"text":"Trend Alert: 'Race 21'. More trends at https://t.co/3f5QhuibxR #trndnl https://t.co/sW2F1Trlmf","topic":"trndnl","user_description":"Information about Twitter's #TrendingTopics in Australia — #trndnl","retweet_count":0,"reply_count":0}
{"id":921633874798612481,"text":"#FurkanPalalı Değil güzel bir mutluluk kaynağı olun #LalOn #no309 098","topic":"FurkanPalalı","retweet_count":0,"reply_count":0}
{"id":921633881941528576,"text":"Sometimes the right one for you is the one who was there the whole time. #ALDUBxEBLoveis","topic":"ALDUBxEBLoveis","user_description":"BEHIND THE THICK CLOUDS THERE'S A SUN STILL SHINING...","retweet_count":0,"reply_count":0}
{"id":921633884449554432,"text":"#Top3Apps for Friday 20:\n\nTwitter for Android 38%\nTwitter Web Client 32%\nTwitter for iPad 12%\n\n(Sample: 2 trends &amp; 196 tweets)","topic":"Top3Apps","user_description":"Information about Twitter's #TrendingTopics in Greece — #trndnl","retweet_count":0,"reply_count":0}
{"id":921633897305255936,"text":"ang ingay ni manay.😂🤣\ni feel you\n#ALDUBxEBLoveis https://t.co/O4guNT0l55","topic":"ALDUBxEBLoveis","user_description":"CMSRN","retweet_count":0,"reply_count":0,"quoted_status_id":921626729021448192}
{"id":921633899788296193,"text":"Remember, You are unique, but then again so is everyone else in this world. #ALDUBxEBLoveis","topic":"ALDUBxEBLoveis","user_description":"BEHIND THE THICK CLOUDS THERE'S A SUN STILL SHINING...","retweet_count":0,"reply_count":0}
{"id":921633910970298369,"text":"Follow us. Submit music to: info@myblockmusic.net #music #hiphop #Gospel #newyork #knoxville… https://t.co/0WZZ31JYNA","topic":"music","user_description":"Founder & C.E.O. of http://MyBlockMusic.net Entrepreneur | Deep Thinker | Dreamer | Visionary","retweet_count":0,"reply_count":0}
{"id":921633913520443392,"text":"#FurkanPalalı Değil güzel bir mutluluk kaynağı olun #LalOn #no309 0100","topic":"FurkanPalalı","retweet_count":0,"reply_count":0}
{"id":921633914870886400,"text":"Trend Alert: 'Dr M'. More trends at https://t.co/3ZpGNCIaQz #trndnl https://t.co/M2Ppalq7dn","topic":"trndnl","user_description":"Information about Twitter's #TrendingTopics in Malaysia — #trndnl","retweet_count":0,"reply_count":0}
{"id":921633920772395013,"text":"A female can be your best friend and worst enemy. It all depends on how you treat her. #ALDUBxEBLoveis","topic":"ALDUBxEBLoveis","user_description":"BEHIND THE THICK CLOUDS THERE'S A SUN STILL SHINING...","retweet_count":0,"reply_count":0}
{"id":921633927801880576,"text":"#Top3Apps de ayer viernes 20:\n\nTwitter for iPhone 45%\nTwitter for Android 23%\nTwitter Web Client 15%\n\n(Muestra: 3 tendencias y 513 tuits)","topic":"Top3Apps","user_description":"Información sobre los Temas del Momento de la geografía guatemalteca #TrendingTopics — #trndnl","retweet_count":0,"reply_count":0}
{"id":921633939026046978,"text":"Cried bucket on this part 😢 #ALDUBxEBLoveis https://t.co/Zu7Iy8cjpC","topic":"ALDUBxEBLoveis","user_description":"Certified Aldub addict .All my tweets are pure and organic for ALDUB/MAIDEN ONLY","retweet_count":0,"reply_count":0,"quoted_status_id":921632250654998528}
{"id":921633941039321089,"text":"Dont talk if you dont have any good thing to say #ALDUBxEBLoveis","topic":"ALDUBxEBLoveis","user_description":"BEHIND THE THICK CLOUDS THERE'S A SUN STILL SHINING...","retweet_count":0,"reply_count":0}
{"id":921633941601230848,"text":"Want to work at Federal-Mogul Motorparts? We're #hiring in #Shanghai! Click for details: https://t.co/mCO6JYqiM4 #Sales #Job #Jobs","topic":"hiring","user_description":"Follow this account for geo-targeted Other job tweets in Shanghai. Need help? Tweet us at @CareerArc!","retweet_count":0,"reply_count":0}
{"id":921633943991889920,"text":"We're #hiring! Read about our latest #job opening here: Rails Developer - https://t.co/jtQPOvgY7g #IT #Cambridge, England #CareerArc","topic":"hiring","user_description":"Follow this account for geo-targeted Software Dev. - General/IT job tweets in Cambridge, UK. Need help? Tweet us at @CareerArc!","retweet_count":0,"reply_count":0}
{"id":921633944780513281,"text":"Join the General Electric team! See our latest #job opening here: https://t.co/ClraXw9hPZ #Manufacturing #HambleleRice, England #Hiring","topic":"job","user_description":"Follow this account for geo-targeted Manufacturing job tweets in Great Britain. Need help? Tweet us at @CareerArc!","retweet_count":0,"reply_count":0}
{"id":921633945405374464,"text":"So true but make di JaDine ang next pra di masyadong madali 😂 #ShowtimeLetsCelebr8 https://t.co/Ibmpvcrw9U","topic":"ShowtimeLetsCelebr8","user_description":"Hotelier and a 👨‍👩‍👦‍👦                                                          ❤️ Sarah Geronimo and Nadine Lustre. Big ❤️ for Ashmatt and Jadine","retweet_count":0,"reply_count":0,"quoted_status_id":921611837052919819}
{"id":921633948400214016,"text":"#ALDUBxEBLoveis \nLove is Happy... https://t.co/RuyXGvXt8M","topic":"ALDUBxEBLoveis","user_description":"knowledge is power,and practice makes perfect.Godbless us all.","retweet_count":0,"reply_count":0,"quoted_status_id":921625928450523136}
{"id":921633958109966337,"text":"Level up na kissing nila sa lips na hahaha\n#ALDUBxEBLoveis https://t.co/6po2y3L4XO","topic":"ALDUBxEBLoveis","user_description":"Mom & wife.. “Start your day by awakening early to welcome the morning sun with a smile, love, and gratitude.”","retweet_count":0,"reply_count":0}
{"id":921633960010031107,"text":"Wala na bang itataas yang paghawak mo, Ricardo? 😭😍💕\n\n#ALDUBxEBLoveis https://t.co/e0PdOtSYGJ","topic":"ALDUBxEBLoveis","user_description":"MBA in the making | Fangirl | MaiChard since 071615 | For Richard and Nicomaine | Walang Iwanan | TNG | Iskolar | Marketista | PUPian | Crafts By D","retweet_count":0,"reply_count":0,"quoted_status_id":921600692564852737}
{"id":921633962677506048,"text":"#Top3Apps for Friday 20:\n\nTwitter for Android 51%\nTweetDeck 9%\nTwitter Web Client 8%\n\n(Sample: 33 trends &amp; 3,368 tweets)","topic":"Top3Apps","user_description":"Information about Twitter's #TrendingTopics in Indonesia — #trndnl","retweet_count":0,"reply_count":0}
{"id":921633982982144000,"text":"Join the QuintilesIMS team! See our latest #job opening here: https://t.co/rT8i2sUyaS #HR #GreatBritain #Hiring #CareerArc","topic":"job","user_description":"Follow this account for geo-targeted Human Resources job tweets in Sheffield. Need help? Tweet us at @CareerArc!","retweet_count":0,"reply_count":0}
{"id":921633982789304321,"text":"Want to work at Gap Inc.? We're #hiring in #Bath, England! Click for details: https://t.co/vVnfi2nZCn #Seasonal #Job #Jobs #CareerArc","topic":"hiring","user_description":"Follow this account for geo-targeted Retail job tweets in Somerset, UK. Need help? Tweet us at @CareerArc!","retweet_count":0,"reply_count":0}
{"id":921633985444200448,"text":"Can you recommend anyone for this #job in Đà Nẵng? https://t.co/EgvD7Tz6ry #manager #Hiring","topic":"job","user_description":"Official jobs account of Manulife. Follow us to see open Manulife jobs across the globe.Terms of Use http://bit.ly/1iytnPz. Visit us @Manulife & @ManulifeNews.","retweet_count":0,"reply_count":0}
{"id":921633986635481088,"text":"See our latest #Twinsburg, OH #job and click to apply: Electronic Solder Assembler - https://t.co/sSjAmUdLFK… https://t.co/M83P3UVUND","topic":"job","user_description":"Staffing and Recruiting Leader","retweet_count":0,"reply_count":0}
{"id":921633988187373568,"text":"Go check out what's new on https://t.co/Z1CO8kllBA now! #chicago #bears #virginia #michagan #music… https://t.co/mVh9g40uar","topic":"music","user_description":"Founder & C.E.O. of http://MyBlockMusic.net Entrepreneur | Deep Thinker | Dreamer | Visionary","retweet_count":0,"reply_count":0}
{"id":921633988015407105,"text":"Can you recommend anyone for this #job? Java Developer - https://t.co/St1wWRFEFz #Tech #IoT #digital #InfoTech… https://t.co/BT6nFvbfWF","topic":"job","user_description":"Staffing and Recruiting Leader","retweet_count":0,"reply_count":0}
{"id":921633992067055621,"text":"Replay na lng  ako mamaya 😘😊 #ALDUBxEBLoveis","topic":"ALDUBxEBLoveis","user_description":"Never give up on the things that make you smile","retweet_count":0,"reply_count":0}
{"id":921633996307546112,"text":"'Lozoya' empieza a ser Tendencia, con 25460 tweets, ocupando la 20ª posición en México. Más en https://t.co/IN7801UqsL #trndnl","topic":"trndnl","user_description":"Información sobre los Temas del Momento de la geografía Mexicana #TrendingTopics — #trndnl","retweet_count":0,"reply_count":0}
{"id":921634011277127685,"text":"When people let you down that’s when you learn to stand up. #ALDUBxEBLoveis","topic":"ALDUBxEBLoveis","user_description":"BEHIND THE THICK CLOUDS THERE'S A SUN STILL SHINING...","retweet_count":0,"reply_count":0}
{"id":921634017232879616,"text":"@prestonhirercng the 1st mention of 'Race 21' appears on your TL. Now is Trending Topic in Australia! #trndnl","topic":"trndnl","user_description":"Information about Twitter's #TrendingTopics in Australia — #trndnl","retweet_count":0,"reply_count":0}
{"id":921634019304906752,"text":"145 users and 168 tweets (144 RTs) in 8 hours made 'Race 21' a Trending Topic in Australia. #trndnl","topic":"trndnl","user_description":"Information about Twitter's #TrendingTopics in Australia — #trndnl","retweet_count":0,"reply_count":0}
{"id":921634021083308032,"text":"1,395,455 people could have seen 'Race 21' since its 1st mention until it became a Trending Topic. #trndnl","topic":"trndnl","user_description":"Information about Twitter's #TrendingTopics in Australia — #trndnl","retweet_count":0,"reply_count":0}
{"id":921634022878461952,"text":"#Top3Apps for 'Race 21'\n\nTwitter for iPhone 39%\nTwitter for Android 17%\nTwitter Web Client 17%","topic":"Top3Apps","user_description":"Information about Twitter's #TrendingTopics in Australia — #trndnl","retweet_count":0,"reply_count":0}
{"id":921634023893499907,"text":"#FurkanPalalı Değil güzel bir mutluluk kaynağı olun #LalOn #no309 000","topic":"FurkanPalalı","retweet_count":0,"reply_count":0}
{"id":921634024522579968,"text":"The tweet with the most impact of the 'Race 21' Trend, was published by @supercars: https://t.co/tN5OvCm3YT (19 RTs) #trndnl","topic":"trndnl","user_description":"Information about Twitter's #TrendingTopics in Australia — #trndnl","retweet_count":0,"reply_count":0,"quoted_status_id":921595395079151616}
{"id":921634025898262529,"text":"Join the Thermo Fisher Scientific team! See our latest #job opening here: https://t.co/flYMojBGI9 #SkilledTrade #Oxford, England #Hiring","topic":"job","user_description":"Follow this account for geo-targeted Skilled Trade job tweets in Great Britain. Need help? Tweet us at @CareerArc!","retweet_count":0,"reply_count":0}
{"id":921634026540097536,"text":"19 verified accounts helped to turn 'Race 21' into a Trending Topic. Some of them: @channelten, @channeltennews &amp; @supercars — #trndnl","topic":"trndnl","user_description":"Information about Twitter's #TrendingTopics in Australia — #trndnl","retweet_count":0,"reply_count":0}
{"id":921634031749550080,"text":"The most painful thing is losing yourself in the process of valuing someone too much. #ALDUBxEBLoveis","topic":"ALDUBxEBLoveis","user_description":"BEHIND THE THICK CLOUDS THERE'S A SUN STILL SHINING...","retweet_count":0,"reply_count":0}
{"id":921634029438320640,"text":"Interested in a #job in #GardenGrove, CA? This could be a great fit: https://t.co/jezNLsDl1s #FinTech #FinServ… https://t.co/mcPlZJwwxR","topic":"job","user_description":"Staffing and Recruiting Leader","retweet_count":0,"reply_count":0}
{"id":921634040721133568,"text":"#FurkanPalalı Değil güzel bir mutluluk kaynağı olun #LalOn #no309 001","topic":"FurkanPalalı","retweet_count":0,"reply_count":0}
{"id":921634040741896192,"text":"#Top3Apps for Friday 20:\n\nTwitter for iPhone 43%\nTwitter for Android 29%\nTwitter Web Client 14%\n\n(Sample: 7 trends &amp; 964 tweets)","topic":"Top3Apps","user_description":"Information about Twitter's #TrendingTopics in Ireland — #trndnl","retweet_count":0,"reply_count":0}
{"id":921634052674813953,"text":"If someone wants you, nothing can keep him away. If he does not want you, nothing can make him stay. #ALDUBxEBLoveis","topic":"ALDUBxEBLoveis","user_description":"BEHIND THE THICK CLOUDS THERE'S A SUN STILL SHINING...","retweet_count":0,"reply_count":0}
{"id":921634054226690049,"text":"#FurkanPalalı Değil güzel bir mutluluk kaynağı olun #LalOn #no309 002","topic":"FurkanPalalı","retweet_count":0,"reply_count":0}
{"id":921634055791116288,"text":"We're #hiring! Read about our latest #job opening here: QC Virology Technician (Fixed-Term) - https://t.co/4LUwyXfFf0 #Engineering","topic":"hiring","user_description":"Follow this account for geo-targeted Engineering job tweets in Glasgow. Need help? Tweet us at @CareerArc!","retweet_count":0,"reply_count":0}
{"id":921634060660826114,"text":"Questa sera start @ 22.00 BCD &amp;Michelino dj #classiclumina #musicalive  #music #eventibolzano… https://t.co/dwnshYQIuI","topic":"music","user_description":"#sfamalamusicadelcuore","retweet_count":0,"reply_count":0}
{"id":921634077324861440,"text":"Cannot trust anyone these days. Fake is becoming the new trend. #ALDUBxEBLoveis","topic":"ALDUBxEBLoveis","user_description":"BEHIND THE THICK CLOUDS THERE'S A SUN STILL SHINING...","retweet_count":0,"reply_count":0}
{"id":921634083217854466,"text":"#FurkanPalalı Değil güzel bir mutluluk kaynağı olun #LalOn #no309 003","topic":"FurkanPalalı","retweet_count":0,"reply_count":0}
{"id":921634097251921920,"text":"#FurkanPalalı Değil güzel bir mutluluk kaynağı olun #LalOn #no309 004","topic":"FurkanPalalı","retweet_count":0,"reply_count":0}
{"id":921634097457516544,"text":"#thankyou @inflames_swe #great #show #heavy #metal #music #concert #rock #trip #cdmx #df #mexico… https://t.co/SDnYIH7jXv","topic":"music","user_description":"amante de la buena música y de la bebida...","retweet_count":0,"reply_count":0}
{"id":921634097956573184,"text":"Don’t confuse your path with your destination. Just b’coz it’s stormy now doesn’t mean that you aren’t headed for sunshine. #ALDUBxEBLoveis","topic":"ALDUBxEBLoveis","user_description":"BEHIND THE THICK CLOUDS THERE'S A SUN STILL SHINING...","retweet_count":0,"reply_count":0}
{"id":921634100410122240,"text":"Can you recommend anyone for this #job? RN - Critical Care - https://t.co/9kTXnlPf9d #RN #NurseHero #Nursing #Kinston, NC #Hiring","topic":"job","user_description":"UNC Lenoir Health Care is a community hospital located in Kinston, NC. Specialties include #Cardiology, #Neurology, #Surgery, #Orthopedics & #rehabilitation.","retweet_count":0,"reply_count":0}
{"id":921634104583577600,"text":"CONFIRMED without a word❤️❤️ #ALDUBxEBLoveis https://t.co/0wVb8t8H6A","topic":"ALDUBxEBLoveis","retweet_count":0,"reply_count":0,"quoted_status_id":921628997770973184}
{"id":921634112921853952,"text":"#FurkanPalalı Değil güzel bir mutluluk kaynağı olun #LalOn #no309 005","topic":"FurkanPalalı","retweet_count":0,"reply_count":0}
{"id":921634124980305922,"text":"#Top3Apps for Friday 20:\n\nTwitter for Android 67%\nTwitter Web Client 9%\nTwitter for iPhone 8%\n\n(Sample: 25 trends &amp; 5,249 tweets)","topic":"Top3Apps","user_description":"Information about Twitter's #TrendingTopics in India — #trndnl","retweet_count":0,"reply_count":0}
{"id":921634129581666304,"text":"#FurkanPalalı Değil güzel bir mutluluk kaynağı olun #LalOn #no309 006","topic":"FurkanPalalı","retweet_count":0,"reply_count":0}
{"id":921634140428165120,"text":"Good relationships don’t just happen. They take time, patience, and two people who truly want to be together. #ALDUBxEBLoveis","topic":"ALDUBxEBLoveis","user_description":"BEHIND THE THICK CLOUDS THERE'S A SUN STILL SHINING...","retweet_count":0,"reply_count":0}
{"id":921634144580497408,"text":"#FurkanPalalı Değil güzel bir mutluluk kaynağı olun #LalOn #no309 007","topic":"FurkanPalalı","retweet_count":0,"reply_count":0}
{"id":921634144517423104,"text":"Ngitinggggg tagumpayyyyyyyy!!!!!\n\n#ALDUBxEBLoveis\n#Loveis https://t.co/UgJ09wzNTF","topic":"ALDUBxEBLoveis","user_description":"Live, Love, Learn, Laugh","retweet_count":0,"reply_count":0}
{"id":921634671225475072,"text":"This! 👇 #LOVEis #ALDUBxEBLoveis https://t.co/bPbvzggTaX","topic":"ALDUBxEBLoveis","user_description":"MaiChard Shipper with NO leaning!","retweet_count":0,"reply_count":0,"quoted_status_id":921624262301040640}
{"id":921634674266349568,"text":"QT!!!! HAHAHAHHA @tellemjaye #ShowtimeLetsCelebr8 😍😹","topic":"ShowtimeLetsCelebr8","user_description":"| s a c c h a r i n e 🍭🍦🍬| 20 | marc ian’s 👸🏻","retweet_count":0,"reply_count":0}
{"id":921634677206732800,"text":"#FurkanPalalı Değil güzel bir mutluluk kaynağı olun #LalOn #no309 0034","topic":"FurkanPalalı","retweet_count":0,"reply_count":0}
